{"type": "metrics", "dataset": "train", "precision": 0.9931791221826809, "balanced_accuracy": 0.8536828826784459, "recall": 0.7087830687830687, "f1_score": 0.8272199580091392}
{"type": "metrics", "dataset": "test", "precision": 0.6629213483146067, "balanced_accuracy": 0.6736370846437445, "recall": 0.4024134312696747, "f1_score": 0.5008161932745674}
{"type": "cm_matrix", "dataset": "train", "true_0": {"predicted_0": 16205, "predicted_1": 23}, "true_1": {"predicted_0": 1376, "predicted_1": 3349}}
{"type": "cm_matrix", "dataset": "test", "true_0": {"predicted_0": 6683, "predicted_1": 390}, "true_1": {"predicted_0": 1139, "predicted_1": 767}}
